model,rmse,rmspe,mape
ETS,5.767905915486819,0.05906183680762281,5.152835898758887
FBProphet,5.310778632346142,0.05190120713585011,4.525260639180974
SARIMA guess,4.184352645661544,,
auto_SARIMA,3.2476494811211465,0.03298584130530437,2.528451991422535
